{
	"member": [
		{
			"kind": "member",
			"type": "number",
			"name": "selectIndex",
			"memberof": "moon.TabbarBar",
			"scope": "instance"
		},
		{
			"kind": "member",
			"type": "number[]",
			"name": "selectIndexs",
			"memberof": "moon.CheckBoxBar",
			"scope": "instance",
			"rwType": 1,
			"inherited": true,
			"inherits": "moon.CheckBoxBar"
		}
	],
	"function": [
		{
			"kind": "function",
			"type": "void",
			"name": "addEvent",
			"memberof": "moon.MoonContainer",
			"scope": "instance",
			"description": "帧听事件",
			"params": [
				{
					"name": "type",
					"type": "string",
					"description": ""
				},
				{
					"name": "listener",
					"type": "Function",
					"description": ""
				},
				{
					"name": "thisObj",
					"type": "any",
					"default": "null",
					"description": ""
				}
			],
			"inherited": true,
			"inherits": "moon.MoonContainer"
		},
		{
			"kind": "function",
			"type": "void",
			"name": "addItem",
			"memberof": "moon.CheckBoxBar",
			"scope": "instance",
			"params": [
				{
					"name": "item",
					"type": "moon.BasicButton",
					"description": ""
				}
			],
			"inherited": true,
			"inherits": "moon.CheckBoxBar"
		},
		{
			"kind": "function",
			"type": "void",
			"name": "addItemLabel",
			"memberof": "moon.CheckBoxBar",
			"scope": "instance",
			"params": [
				{
					"name": "label",
					"type": "string",
					"description": ""
				},
				{
					"name": "item",
					"type": "moon.MoreSkinButton",
					"default": "null",
					"description": ""
				}
			],
			"inherited": true,
			"inherits": "moon.CheckBoxBar"
		},
		{
			"kind": "function",
			"type": "void",
			"name": "dispEvent",
			"memberof": "moon.MoonContainer",
			"scope": "instance",
			"description": "发布事件",
			"params": [
				{
					"name": "type",
					"type": "string",
					"description": ""
				},
				{
					"name": "data",
					"type": "Object",
					"default": "null",
					"description": ""
				},
				{
					"name": "dataType",
					"type": "Object",
					"default": "null",
					"description": ""
				}
			],
			"inherited": true,
			"inherits": "moon.MoonContainer"
		},
		{
			"kind": "function",
			"type": "void",
			"name": "dispose",
			"memberof": "moon.BasicBar",
			"scope": "instance",
			"description": "销毁",
			"inherited": true,
			"inherits": "moon.BasicBar"
		},
		{
			"kind": "function",
			"type": "DisplayObject",
			"name": "getItem",
			"memberof": "moon.BasicBar",
			"scope": "instance",
			"params": [
				{
					"name": "index",
					"type": "number",
					"description": ""
				}
			],
			"inherited": true,
			"inherits": "moon.BasicBar"
		},
		{
			"kind": "function",
			"type": "DisplayObject",
			"name": "getNextItem",
			"memberof": "moon.BasicBar",
			"scope": "instance",
			"inherited": true,
			"inherits": "moon.BasicBar"
		},
		{
			"kind": "function",
			"type": "boolean",
			"name": "hasItem",
			"memberof": "moon.BasicBar",
			"scope": "instance",
			"params": [
				{
					"name": "index",
					"type": "number",
					"description": ""
				}
			],
			"inherited": true,
			"inherits": "moon.BasicBar"
		},
		{
			"kind": "function",
			"type": "void",
			"name": "layout",
			"memberof": "moon.CheckBoxBar",
			"scope": "instance",
			"description": "布局 type类型为横或竖，interval为对象间的间隔",
			"params": [
				{
					"name": "type",
					"type": "string",
					"default": "Const.VERTICAL",
					"description": ""
				},
				{
					"name": "interval",
					"type": "number",
					"default": "10",
					"description": ""
				}
			],
			"inherited": true,
			"inherits": "moon.CheckBoxBar"
		},
		{
			"kind": "function",
			"type": "void",
			"name": "removeChildAll",
			"memberof": "moon.MoonContainer",
			"scope": "instance",
			"description": "删除所有的",
			"params": [
				{
					"name": "beginIndex",
					"type": "number",
					"default": "0",
					"description": ""
				},
				{
					"name": "endIndex",
					"type": "number",
					"default": "2147483647",
					"description": ""
				},
				{
					"name": "dispose",
					"type": "Boolean",
					"default": "false",
					"description": ""
				}
			],
			"inherited": true,
			"inherits": "moon.MoonContainer"
		},
		{
			"kind": "function",
			"type": "void",
			"name": "removeChildIndex",
			"memberof": "moon.MoonContainer",
			"scope": "instance",
			"description": "删除index层的",
			"params": [
				{
					"name": "beginIndex",
					"type": "number",
					"description": ""
				},
				{
					"name": "dispose",
					"type": "Boolean",
					"description": ""
				}
			],
			"inherited": true,
			"inherits": "moon.MoonContainer"
		},
		{
			"kind": "function",
			"type": "void",
			"name": "removeEvent",
			"memberof": "moon.MoonContainer",
			"scope": "instance",
			"description": "删除事件",
			"params": [
				{
					"name": "type",
					"type": "string",
					"description": ""
				},
				{
					"name": "listener",
					"type": "Function",
					"description": ""
				}
			],
			"inherited": true,
			"inherits": "moon.MoonContainer"
		},
		{
			"kind": "function",
			"type": "void",
			"name": "removeFromParent",
			"memberof": "moon.MoonContainer",
			"scope": "instance",
			"description": "把自己从父级删除",
			"params": [
				{
					"name": "value",
					"type": "Boolean",
					"default": "false",
					"description": ""
				}
			],
			"inherited": true,
			"inherits": "moon.MoonContainer"
		},
		{
			"kind": "function",
			"type": "void",
			"name": "removeItem",
			"memberof": "moon.CheckBoxBar",
			"scope": "instance",
			"params": [
				{
					"name": "item",
					"type": "moon.BasicButton",
					"description": ""
				}
			],
			"inherited": true,
			"inherits": "moon.CheckBoxBar"
		},
		{
			"kind": "function",
			"type": "void",
			"name": "reset",
			"memberof": "moon.BasicBar",
			"scope": "instance",
			"inherited": true,
			"inherits": "moon.BasicBar"
		},
		{
			"kind": "function",
			"type": "void",
			"name": "update",
			"memberof": "moon.BasicBar",
			"scope": "instance",
			"inherited": true,
			"inherits": "moon.BasicBar"
		}
	],
	"globalMember": [],
	"globalFunction": [],
	"class": {
		"kind": "class",
		"name": "TabbarBar",
		"memberof": "moon",
		"filename": "D:\\Users\\4399-3046\\Documents\\GitHub\\egretMoon\\demo\\moonDemo\\src\\moon\\MoonTheme.ts",
		"description": "复选框按钮",
		"augments": [
			"moon.CheckBoxBar",
			"moon.BasicBar",
			"moon.BasicView",
			"moon.MoonContainer",
			"DisplayObjectContainer"
		]
	}
}