{
	"member": [],
	"function": [
		{
			"kind": "function",
			"type": "void",
			"name": "init",
			"memberof": "moon.GameMoon",
			"scope": "static",
			"params": [
				{
					"name": "stage",
					"type": "Stage",
					"description": ""
				}
			]
		}
	],
	"globalMember": [],
	"globalFunction": [],
	"class": {
		"kind": "class",
		"name": "GameMoon",
		"memberof": "moon",
		"filename": "D:\\Users\\4399-3046\\Documents\\GitHub\\egretMoon\\demo\\moonDemo\\src\\moon\\MoonGame.ts",
		"description": "初始化游戏",
		"children": [
			"MGameMoon"
		]
	}
}