{
	"member": [
		{
			"kind": "member",
			"type": "number",
			"name": "colorBottom",
			"memberof": "moon.PanelBar",
			"scope": "instance",
			"rwType": 2
		},
		{
			"kind": "member",
			"type": "number",
			"name": "colorTop",
			"memberof": "moon.PanelBar",
			"scope": "instance",
			"rwType": 2
		},
		{
			"kind": "member",
			"type": "string",
			"name": "label",
			"memberof": "moon.PanelBar",
			"scope": "instance"
		},
		{
			"kind": "member",
			"type": "number",
			"name": "topHeight",
			"memberof": "moon.PanelBar",
			"scope": "instance",
			"rwType": 1
		},
		{
			"kind": "member",
			"type": "Rectangle",
			"name": "windowRect",
			"memberof": "moon.PanelBar",
			"scope": "instance",
			"rwType": 1
		}
	],
	"function": [
		{
			"kind": "function",
			"name": "PanelBar",
			"memberof": "moon.PanelBar",
			"scope": "instance",
			"params": [
				{
					"name": "pWidth",
					"type": "number",
					"default": "0",
					"description": ""
				},
				{
					"name": "pHeight",
					"type": "number",
					"default": "0",
					"description": ""
				}
			]
		},
		{
			"kind": "function",
			"type": "void",
			"name": "addEvent",
			"memberof": "moon.MoonContainer",
			"scope": "instance",
			"description": "帧听事件",
			"params": [
				{
					"name": "type",
					"type": "string",
					"description": ""
				},
				{
					"name": "listener",
					"type": "Function",
					"description": ""
				},
				{
					"name": "thisObj",
					"type": "any",
					"default": "null",
					"description": ""
				}
			],
			"inherited": true,
			"inherits": "moon.MoonContainer"
		},
		{
			"kind": "function",
			"type": "void",
			"name": "addItem",
			"memberof": "moon.PanelBar",
			"scope": "instance",
			"params": [
				{
					"name": "item",
					"type": "DisplayObject",
					"description": ""
				},
				{
					"name": "x",
					"type": "number",
					"default": "0",
					"description": ""
				},
				{
					"name": "y",
					"type": "number",
					"default": "0",
					"description": ""
				}
			]
		},
		{
			"kind": "function",
			"type": "void",
			"name": "dispEvent",
			"memberof": "moon.MoonContainer",
			"scope": "instance",
			"description": "发布事件",
			"params": [
				{
					"name": "type",
					"type": "string",
					"description": ""
				},
				{
					"name": "data",
					"type": "Object",
					"default": "null",
					"description": ""
				},
				{
					"name": "dataType",
					"type": "Object",
					"default": "null",
					"description": ""
				}
			],
			"inherited": true,
			"inherits": "moon.MoonContainer"
		},
		{
			"kind": "function",
			"type": "void",
			"name": "dispose",
			"memberof": "moon.BasicBar",
			"scope": "instance",
			"description": "销毁",
			"inherited": true,
			"inherits": "moon.BasicBar"
		},
		{
			"kind": "function",
			"type": "DisplayObject",
			"name": "getItem",
			"memberof": "moon.BasicBar",
			"scope": "instance",
			"params": [
				{
					"name": "index",
					"type": "number",
					"description": ""
				}
			],
			"inherited": true,
			"inherits": "moon.BasicBar"
		},
		{
			"kind": "function",
			"type": "DisplayObject",
			"name": "getNextItem",
			"memberof": "moon.BasicBar",
			"scope": "instance",
			"inherited": true,
			"inherits": "moon.BasicBar"
		},
		{
			"kind": "function",
			"type": "boolean",
			"name": "hasItem",
			"memberof": "moon.BasicBar",
			"scope": "instance",
			"params": [
				{
					"name": "index",
					"type": "number",
					"description": ""
				}
			],
			"inherited": true,
			"inherits": "moon.BasicBar"
		},
		{
			"kind": "function",
			"type": "void",
			"name": "removeAll",
			"memberof": "moon.PanelBar",
			"scope": "instance"
		},
		{
			"kind": "function",
			"type": "void",
			"name": "removeChildAll",
			"memberof": "moon.MoonContainer",
			"scope": "instance",
			"description": "删除所有的",
			"params": [
				{
					"name": "beginIndex",
					"type": "number",
					"default": "0",
					"description": ""
				},
				{
					"name": "endIndex",
					"type": "number",
					"default": "2147483647",
					"description": ""
				},
				{
					"name": "dispose",
					"type": "Boolean",
					"default": "false",
					"description": ""
				}
			],
			"inherited": true,
			"inherits": "moon.MoonContainer"
		},
		{
			"kind": "function",
			"type": "void",
			"name": "removeChildIndex",
			"memberof": "moon.MoonContainer",
			"scope": "instance",
			"description": "删除index层的",
			"params": [
				{
					"name": "beginIndex",
					"type": "number",
					"description": ""
				},
				{
					"name": "dispose",
					"type": "Boolean",
					"description": ""
				}
			],
			"inherited": true,
			"inherits": "moon.MoonContainer"
		},
		{
			"kind": "function",
			"type": "void",
			"name": "removeEvent",
			"memberof": "moon.MoonContainer",
			"scope": "instance",
			"description": "删除事件",
			"params": [
				{
					"name": "type",
					"type": "string",
					"description": ""
				},
				{
					"name": "listener",
					"type": "Function",
					"description": ""
				}
			],
			"inherited": true,
			"inherits": "moon.MoonContainer"
		},
		{
			"kind": "function",
			"type": "void",
			"name": "removeFromParent",
			"memberof": "moon.MoonContainer",
			"scope": "instance",
			"description": "把自己从父级删除",
			"params": [
				{
					"name": "value",
					"type": "Boolean",
					"default": "false",
					"description": ""
				}
			],
			"inherited": true,
			"inherits": "moon.MoonContainer"
		},
		{
			"kind": "function",
			"type": "void",
			"name": "removeItem",
			"memberof": "moon.PanelBar",
			"scope": "instance",
			"params": [
				{
					"name": "item",
					"type": "DisplayObject",
					"description": ""
				}
			]
		},
		{
			"kind": "function",
			"type": "void",
			"name": "reset",
			"memberof": "moon.BasicBar",
			"scope": "instance",
			"inherited": true,
			"inherits": "moon.BasicBar"
		},
		{
			"kind": "function",
			"type": "void",
			"name": "update",
			"memberof": "moon.BasicBar",
			"scope": "instance",
			"inherited": true,
			"inherits": "moon.BasicBar"
		}
	],
	"globalMember": [],
	"globalFunction": [],
	"class": {
		"kind": "class",
		"name": "PanelBar",
		"memberof": "moon",
		"filename": "D:\\Users\\4399-3046\\Documents\\GitHub\\egretMoon\\demo\\moonDemo\\src\\moon\\MoonTheme.ts",
		"description": "面板",
		"augments": [
			"moon.BasicBar",
			"moon.BasicView",
			"moon.MoonContainer",
			"DisplayObjectContainer"
		],
		"children": [
			"BView"
		]
	}
}