{
	"member": [
		{
			"kind": "member",
			"type": "string",
			"name": "CHANGE",
			"memberof": "moon.MoonEvent",
			"scope": "static",
			"description": "//tabbar event",
			"default": "\"change\"",
			"inherited": true,
			"inherits": "moon.MoonEvent"
		},
		{
			"kind": "member",
			"type": "string",
			"name": "CLICK",
			"memberof": "moon.MoonEvent",
			"scope": "static",
			"default": "\"event-click\"",
			"inherited": true,
			"inherits": "moon.MoonEvent"
		},
		{
			"kind": "member",
			"type": "string",
			"name": "CLOSE",
			"memberof": "moon.MoonEvent",
			"scope": "static",
			"default": "\"close\"",
			"inherited": true,
			"inherits": "moon.MoonEvent"
		},
		{
			"kind": "member",
			"type": "string",
			"name": "COMPLETE",
			"memberof": "moon.MoonEvent",
			"scope": "static",
			"default": "\"complete\"",
			"inherited": true,
			"inherits": "moon.MoonEvent"
		},
		{
			"kind": "member",
			"type": "string",
			"name": "ERROR",
			"memberof": "moon.MoonEvent",
			"scope": "static",
			"default": "\"error\"",
			"inherited": true,
			"inherits": "moon.MoonEvent"
		},
		{
			"kind": "member",
			"type": "string",
			"name": "MOUSE_DOWN",
			"memberof": "moon.MoonEvent",
			"scope": "static",
			"default": "\"event-down\"",
			"inherited": true,
			"inherits": "moon.MoonEvent"
		},
		{
			"kind": "member",
			"type": "string",
			"name": "MOUSE_MOVE",
			"memberof": "moon.MoonEvent",
			"scope": "static",
			"default": "\"event-move\"",
			"inherited": true,
			"inherits": "moon.MoonEvent"
		},
		{
			"kind": "member",
			"type": "string",
			"name": "MOUSE_OUT",
			"memberof": "moon.MoonEvent",
			"scope": "static",
			"default": "\"event-out\"",
			"inherited": true,
			"inherits": "moon.MoonEvent"
		},
		{
			"kind": "member",
			"type": "string",
			"name": "MOUSE_OVER",
			"memberof": "moon.MoonEvent",
			"scope": "static",
			"description": "//button event",
			"default": "\"event-over\"",
			"inherited": true,
			"inherits": "moon.MoonEvent"
		},
		{
			"kind": "member",
			"type": "string",
			"name": "MOUSE_UP",
			"memberof": "moon.MoonEvent",
			"scope": "static",
			"default": "\"event-up\"",
			"inherited": true,
			"inherits": "moon.MoonEvent"
		},
		{
			"kind": "member",
			"type": "string",
			"name": "MOVE",
			"memberof": "moon.MoonEvent",
			"scope": "static",
			"default": "\"move\"",
			"inherited": true,
			"inherits": "moon.MoonEvent"
		},
		{
			"kind": "member",
			"type": "string",
			"name": "OPEN",
			"memberof": "moon.MoonEvent",
			"scope": "static",
			"default": "\"open\"",
			"inherited": true,
			"inherits": "moon.MoonEvent"
		},
		{
			"kind": "member",
			"type": "string",
			"name": "OVER",
			"memberof": "moon.MoonEvent",
			"scope": "static",
			"default": "\"over\"",
			"inherited": true,
			"inherits": "moon.MoonEvent"
		},
		{
			"kind": "member",
			"type": "string",
			"name": "PAUSE",
			"memberof": "moon.MoonEvent",
			"scope": "static",
			"default": "\"pause\"",
			"inherited": true,
			"inherits": "moon.MoonEvent"
		},
		{
			"kind": "member",
			"type": "string",
			"name": "PLAY",
			"memberof": "moon.MoonEvent",
			"scope": "static",
			"default": "\"play\"",
			"inherited": true,
			"inherits": "moon.MoonEvent"
		},
		{
			"kind": "member",
			"type": "string",
			"name": "RENDER_COMPLETE",
			"memberof": "moon.MoonEvent",
			"scope": "static",
			"default": "\"render complete\"",
			"inherited": true,
			"inherits": "moon.MoonEvent"
		},
		{
			"kind": "member",
			"type": "string",
			"name": "START",
			"memberof": "moon.MoonEvent",
			"scope": "static",
			"default": "\"start\"",
			"inherited": true,
			"inherits": "moon.MoonEvent"
		},
		{
			"kind": "member",
			"type": "string",
			"name": "STOP",
			"memberof": "moon.MoonEvent",
			"scope": "static",
			"default": "\"stop\"",
			"inherited": true,
			"inherits": "moon.MoonEvent"
		},
		{
			"kind": "member",
			"type": "string",
			"name": "UPDATE",
			"memberof": "moon.MoonEvent",
			"scope": "static",
			"default": "\"update\"",
			"inherited": true,
			"inherits": "moon.MoonEvent"
		},
		{
			"kind": "member",
			"type": "Object",
			"name": "currentTarget",
			"memberof": "moon.MoonEvent",
			"scope": "instance",
			"inherited": true,
			"inherits": "moon.MoonEvent"
		},
		{
			"kind": "member",
			"type": "Object",
			"name": "data",
			"memberof": "moon.MoonEvent",
			"scope": "instance",
			"inherited": true,
			"inherits": "moon.MoonEvent"
		},
		{
			"kind": "member",
			"type": "Object",
			"name": "dataType",
			"memberof": "moon.MoonEvent",
			"scope": "instance",
			"inherited": true,
			"inherits": "moon.MoonEvent"
		},
		{
			"kind": "member",
			"type": "string",
			"name": "type",
			"memberof": "moon.MoonEvent",
			"scope": "instance",
			"inherited": true,
			"inherits": "moon.MoonEvent"
		}
	],
	"function": [],
	"globalMember": [],
	"globalFunction": [],
	"class": {
		"kind": "class",
		"name": "MoonEvent",
		"memberof": "",
		"filename": "D:\\Users\\4399-3046\\Documents\\GitHub\\egretMoon\\demo\\moonDemo\\src\\moon\\MoonGame.ts",
		"augments": [
			"moon.MoonEvent"
		]
	}
}