{
	"member": [],
	"function": [
		{
			"kind": "function",
			"type": "void",
			"name": "close",
			"memberof": "moon.IOnoff",
			"scope": "instance"
		},
		{
			"kind": "function",
			"type": "void",
			"name": "open",
			"memberof": "moon.IOnoff",
			"scope": "instance"
		}
	],
	"globalMember": [],
	"globalFunction": [],
	"class": {
		"kind": "interface",
		"name": "IOnoff",
		"memberof": "moon",
		"filename": "D:\\Users\\4399-3046\\Documents\\GitHub\\egretMoon\\demo\\moonDemo\\src\\moon\\MoonTheme.ts"
	}
}